Email,Territorio,País de envío,Estado o provincia de envío,Municipio,Colonia,Calle de envío,Estatus,Código postal de envío,Ruta,Nombre de la cuenta,Plantilla de clientes,Folio de tienda,Cédula profesional,Grupo de cadena,Especialidad,Categoría del médico,Propietario de la cuenta,lat,lng,google_maps_url,NOMBRE_BRICK
,,México,QUERETARO,QUERETARO,CENTRO SUR,BOULEVARD CENTRO SUR 105,Activa,76090,1010507,AHORRO CENTRO SUR,Farmacias Digrimex,,,,,A,Claudia Elisa Cerda Castillo,20.5633683,-100.3689576,"https://www.google.com/maps/search/?api=1&query=20.5633683,-100.3689576",QUERETARO 220103
,,México,QUERETARO,QUERETARO,ENSUENO,PROLONGACION IGNACIO ZARAGOZA 90,Activa,76178,1010507,AHORRO ENSUENO,Farmacias Digrimex,,,,,A,Claudia Elisa Cerda Castillo,20.5797982,-100.4152937,"https://www.google.com/maps/search/?api=1&query=20.5797982,-100.4152937",QUERETARO 220104
,,México,QUERETARO,QUERETARO,EL JACAL,BOULEVARD HACIENDA DEL JACAL 1210,Activa,76180,1010507,GUADALAJARA EL JACAL,Farmacias Digrimex,,,,,A,Claudia Elisa Cerda Castillo,20.5636103,-100.4217282,"https://www.google.com/maps/search/?api=1&query=20.5636103,-100.4217282",QUERETARO 220104
,,México,QUERETARO,CORREGIDORA,TEJEDA,PASEO DE TEJEDA 200,Activa,76904,1010507,DE DIOS,Farmacias Digrimex,,,,,A,Claudia Elisa Cerda Castillo,20.547791,-100.4241929,"https://www.google.com/maps/search/?api=1&query=20.547791,-100.4241929",CORREGIDORA 229005
,,México,QUERETARO,QUERETARO,ARBOLEDAS,BOULEVARD BERNARDO QUINTANA 532,Activa,76140,1010507,GUADALAJARA ARBOLEDAS,Farmacias Digrimex,,,,,C,Claudia Elisa Cerda Castillo,20.6137956,-100.3850109,"https://www.google.com/maps/search/?api=1&query=20.6137956,-100.3850109",
,,México,QUERETARO,QUERETARO,COLINAS DEL CIMATARIO,AVENIDA COLINAS DEL CIMATARIO 20,Activa,76090,1010507,GUADALAJARA COLINAS,Farmacias Digrimex,,,,,A,Claudia Elisa Cerda Castillo,20.5718156,-100.3723804,"https://www.google.com/maps/search/?api=1&query=20.5718156,-100.3723804",QUERETARO 220103
,,México,QUERETARO,QUERETARO,JURICA ACUEDUCTO,BOULEVARD UNIVERSITARIO 560,Activa,76230,1010507,DON PEPE HERRERA JURIQUILLA,Farmacias Digrimex,,,,,A,Claudia Elisa Cerda Castillo,20.7072731,-100.4462635,"https://www.google.com/maps/search/?api=1&query=20.7072731,-100.4462635",
,,México,QUERETARO,QUERETARO,ENSUENO,PROLONGACION IGNACIO ZARAGOZA 80,Activa,76178,1010507,SORIANA LA CAPILLA,Farmacias Digrimex,,,,,A,Claudia Elisa Cerda Castillo,20.5772131,-100.4175431,"https://www.google.com/maps/search/?api=1&query=20.5772131,-100.4175431",QUERETARO 220104
,,México,QUERETARO,CORREGIDORA,AMPLIACION EL PUEBLITO,AVENIDA PASEO CONSTITUYENTES 1566,Activa,76900,1010507,WALMART EL PUEBLITO,Farmacias Digrimex,,,,,A,Claudia Elisa Cerda Castillo,20.5389272,-100.4353125,"https://www.google.com/maps/search/?api=1&query=20.5389272,-100.4353125",CORREGIDORA 229005
,,México,QUERETARO,QUERETARO,LOMA DORADA,BOULEVARD BERNARDO QUINTANA 111,Activa,76060,1010507,SAN PABLO CARRETAS,Farmacias Digrimex,,,,,A,Claudia Elisa Cerda Castillo,20.595854,-100.3708629,"https://www.google.com/maps/search/?api=1&query=20.595854,-100.3708629",
,,México,QUERETARO,QUERETARO,JURICA ACUEDUCTO,BOULEVARD UNIVERSITARIO 524,Activa,76230,1010507,GUADALAJARA JURIQUILLA,Farmacias Digrimex,,,,,A,Claudia Elisa Cerda Castillo,20.7091648,-100.4465206,"https://www.google.com/maps/search/?api=1&query=20.7091648,-100.4465206",
,,México,QUERETARO,QUERETARO,MILENIO III FASE A,CAMINO REAL DE CARRETAS 196,Activa,76060,1010507,GUADALAJARA MILENIO,Farmacias Digrimex,,,,,A,Claudia Elisa Cerda Castillo,20.5961182,-100.3591079,"https://www.google.com/maps/search/?api=1&query=20.5961182,-100.3591079",
,,México,QUERETARO,QUERETARO,JARDINES DE QUERETARO,CALZADA DE LOS ARCOS 4,Activa,76020,1010507,DEL AHORRO JARDINES DE QUERETARO,Farmacias Digrimex,,,,,A,Claudia Elisa Cerda Castillo,20.5918513,-100.3786857,"https://www.google.com/maps/search/?api=1&query=20.5918513,-100.3786857",
,,México,QUERETARO,QUERETARO,PUNTA JURIQUILLA,BOULEVARD DE LAS CIENCIAS 2060,Activa,76230,1010507,HEB,Farmacias Digrimex,,,,,A,Claudia Elisa Cerda Castillo,20.6919462,-100.4385146,"https://www.google.com/maps/search/?api=1&query=20.6919462,-100.4385146",
,,México,QUERETARO,CORREGIDORA,AMPLIACION EL PUEBLITO,CAMINO A VANEGAS 149,Activa,76900,1010507,GUADALAJARA VANEGAS,Farmacias Digrimex,,,,,A,Claudia Elisa Cerda Castillo,20.5577005,-100.4335312,"https://www.google.com/maps/search/?api=1&query=20.5577005,-100.4335312",CORREGIDORA 229005
,,México,QUERETARO,QUERETARO,JURIQUILLA SANTA FE,BOULEVARD UNIVERSITARIO 540,Activa,76230,1010507,BENAVIDES JURIQUILLA,Farmacias Digrimex,,,,,A,Claudia Elisa Cerda Castillo,20.7051309,-100.445028,"https://www.google.com/maps/search/?api=1&query=20.7051309,-100.445028",
,,México,QUERETARO,QUERETARO,CALETTO,BOULEVARD JURICA LA CAMPANA 899,Activa,76230,1010507,FRESKO JURIQUILLA,Farmacias Digrimex,,,,,A,Claudia Elisa Cerda Castillo,20.705946,-100.4426911,"https://www.google.com/maps/search/?api=1&query=20.705946,-100.4426911",
,,México,QUERETARO,QUERETARO,SAN JAVIER,CALZADA PATHE 4,Activa,76020,1010507,GUADALAJARA JARDINES DE QUERETARO,Farmacias Digrimex,,,,,A,Claudia Elisa Cerda Castillo,20.5979277,-100.3807605,"https://www.google.com/maps/search/?api=1&query=20.5979277,-100.3807605",
,,México,QUERETARO,CORREGIDORA,EL PUEBLITO CENTRO,AVENIDA PASEO DEL GRAN CUE 4,Activa,76900,1010507,GUADALAJARA GRAN CUE,Farmacias Digrimex,,,,,A,Claudia Elisa Cerda Castillo,20.5490443,-100.427836,"https://www.google.com/maps/search/?api=1&query=20.5490443,-100.427836",CORREGIDORA 229005
,,México,QUERETARO,CORREGIDORA,EL PUEBLITO CENTRO,JOSEFA ORTIZ DE DOMINGUEZ 93,Activa,76900,1010507,GUADALAJARA PUEBLITO,Farmacias Digrimex,,,,,C,Claudia Elisa Cerda Castillo,20.5411171,-100.4345205,"https://www.google.com/maps/search/?api=1&query=20.5411171,-100.4345205",CORREGIDORA 229005
,,México,QUERETARO,CORREGIDORA,TEJEDA,PASEO DE TEJEDA 202,Activa,76904,1010507,GUADALAJARA TEJEDA,Farmacias Digrimex,,,,,A,Claudia Elisa Cerda Castillo,20.5467843,-100.4216361,"https://www.google.com/maps/search/?api=1&query=20.5467843,-100.4216361",CORREGIDORA 229005
,,México,QUERETARO,QUERETARO,CIMATARIO,AVENIDA CONSTITUYENTES 33,Activa,76030,1010507,ISSEG,Farmacias Digrimex,,,,,A,Claudia Elisa Cerda Castillo,20.5846793,-100.3917595,"https://www.google.com/maps/search/?api=1&query=20.5846793,-100.3917595",QUERETARO 220103
,,México,QUERETARO,QUERETARO,JURICA LA SOLANA,BOULEVARD DE LAS CIENCIAS 2,Activa,76230,1010507,BENAVIDES BLVD DE LAS CIENCIAS,Farmacias Digrimex,,,,,A,Claudia Elisa Cerda Castillo,20.6919462,-100.4385146,"https://www.google.com/maps/search/?api=1&query=20.6919462,-100.4385146",
,,México,QUERETARO,CORREGIDORA,EL PUEBLITO CENTRO,JOSEFA ORTIZ DE DOMINGUEZ 109,Activa,76900,1010507,DEL AHORRO PUEBLITO,Farmacias Digrimex,,,,,A,Claudia Elisa Cerda Castillo,20.5413775,-100.4329464,"https://www.google.com/maps/search/?api=1&query=20.5413775,-100.4329464",CORREGIDORA 229005
,,México,QUERETARO,QUERETARO,CARRETAS,BOULEVAD BERNARDO QUINTANA 116,Activa,76050,1010507,DEL AHORRO CARRETAS,Farmacias Digrimex,,,,,A,Claudia Elisa Cerda Castillo,20.5951599,-100.371712,"https://www.google.com/maps/search/?api=1&query=20.5951599,-100.371712",
,,México,QUERETARO,QUERETARO,MILENIO III FASE B SECCION 10,CAMINO REAL DE CARRETAS 386,Activa,76060,1010507,FRESKO MILENIO,Farmacias Digrimex,,,,,A,Claudia Elisa Cerda Castillo,20.5948812,-100.3487533,"https://www.google.com/maps/search/?api=1&query=20.5948812,-100.3487533",
,,México,QUERETARO,QUERETARO,MERCURIO,AVENIDA CONSTITUYENTES ORIENTE 71,Activa,76040,1010507,SAN PABLO OBSERVATORIO,Farmacias Digrimex,,,,,A,Claudia Elisa Cerda Castillo,20.5869584,-100.3770471,"https://www.google.com/maps/search/?api=1&query=20.5869584,-100.3770471",QUERETARO 220103
,,México,QUERETARO,QUERETARO,EL JACAL,HACIENDA DEL JACAL 214,Activa,76180,1010507,BENAVIDES JACAL,Farmacias Digrimex,,,,,A,Claudia Elisa Cerda Castillo,20.56758,-100.4139957,"https://www.google.com/maps/search/?api=1&query=20.56758,-100.4139957",QUERETARO 220104
,,México,QUERETARO,CORREGIDORA,AMPLIACION EL PUEBLITO,AVENIDA CONSTITUYENTES 1470,Activa,76900,1010507,FRESKO PUEBLO NUEVO,Farmacias Digrimex,,,,,A,Claudia Elisa Cerda Castillo,20.5546898,-100.4204234,"https://www.google.com/maps/search/?api=1&query=20.5546898,-100.4204234",CORREGIDORA 229005
,,México,QUERETARO,QUERETARO,MILENIO III FASE A,CAMINO REAL DE CARRETAS 144,Activa,76060,1010507,WALMART MILENIO,Farmacias Digrimex,,,,,A,Claudia Elisa Cerda Castillo,20.5967289,-100.3611056,"https://www.google.com/maps/search/?api=1&query=20.5967289,-100.3611056",
,,México,QUERETARO,CORREGIDORA,TEJEDA,PASEO DE AMSTERDAM 182,Activa,76904,1010507,GUADALAJARA AMSTERDAM,Farmacias Digrimex,,,,,A,Claudia Elisa Cerda Castillo,20.538818,-100.4215864,"https://www.google.com/maps/search/?api=1&query=20.538818,-100.4215864",CORREGIDORA 229005
,,México,QUERETARO,QUERETARO,CARRETAS,AVENIDA EJERCITO REPUBLICANO 148,Activa,76050,1010507,SORIANA CARRETAS,Farmacias Digrimex,,,,,A,Claudia Elisa Cerda Castillo,20.5891606,-100.373076,"https://www.google.com/maps/search/?api=1&query=20.5891606,-100.373076",
,,México,QUERETARO,CORREGIDORA,AMPLIACION EL PUEBLITO,AVENIDA SANTA MARIA DEL PUEBLITO 200,Activa,76900,1010507,GUADALAJARA PUEBLITO,Farmacias Digrimex,,,,,A,Claudia Elisa Cerda Castillo,20.5532913,-100.4454316,"https://www.google.com/maps/search/?api=1&query=20.5532913,-100.4454316",CORREGIDORA 229005
,,México,QUERETARO,QUERETARO,EL JACAL,PROLONGACION IGNACIO ZARAGOZA 203,Activa,76180,1010507,GUADALAJARA PROLONGACION ZARAGOZA,Farmacias Digrimex,,,,,A,Claudia Elisa Cerda Castillo,20.5698349,-100.4147704,"https://www.google.com/maps/search/?api=1&query=20.5698349,-100.4147704",QUERETARO 220104
,,México,QUERETARO,QUERETARO,COLINAS DEL CIMATARIO,LUIS VEGA Y MONROY 1300,Activa,76090,1010507,LA COMER ESTADIO,Farmacias Digrimex,,,,,A,Claudia Elisa Cerda Castillo,20.5791746,-100.3731134,"https://www.google.com/maps/search/?api=1&query=20.5791746,-100.3731134",QUERETARO 220103
,,México,QUERETARO,CORREGIDORA,TEJEDA,CARRETERA CELAYA QUERETARO 2,Activa,76900,1010507,WALMART TEJEDA,Farmacias Digrimex,,,,,A,Claudia Elisa Cerda Castillo,20.5490859,-100.4238974,"https://www.google.com/maps/search/?api=1&query=20.5490859,-100.4238974",CORREGIDORA 229005
,,México,QUERETARO,QUERETARO,EL JACAL,AVENIDA CONSTITUYENTES PONIENTE 214,Activa,76180,1010507,DEL AHORRO JACAL,Farmacias Digrimex,,,,,A,Claudia Elisa Cerda Castillo,20.5788863,-100.400444,"https://www.google.com/maps/search/?api=1&query=20.5788863,-100.400444",QUERETARO 220104
,,México,QUERETARO,QUERETARO,PLAZAS DEL SOL 1A SECCION,AV CIMATARIO 601,Activa,76099,1010507,DEL AHORRO PLAZAS DEL SOL,Farmacias Digrimex,,,,,A,Claudia Elisa Cerda Castillo,20.5764723,-100.3738489,"https://www.google.com/maps/search/?api=1&query=20.5764723,-100.3738489",QUERETARO 220103
,,México,QUERETARO,QUERETARO,MILENIO III,CAMINO REAL DE CARRETAS 299,Activa,76060,1010507,BENAVIDES MILENIO III,Farmacias Digrimex,,,,,A,Claudia Elisa Cerda Castillo,20.5958134,-100.353364,"https://www.google.com/maps/search/?api=1&query=20.5958134,-100.353364",
,,México,QUERETARO,CORREGIDORA,TEJEDA,AVENIDA PASEO CONSTITUYENTES 1285,Activa,76900,1010507,SAN PABLO TEJEDA,Farmacias Digrimex,,,,,A,Claudia Elisa Cerda Castillo,20.5504866,-100.423326,"https://www.google.com/maps/search/?api=1&query=20.5504866,-100.423326",CORREGIDORA 229005
,,México,QUERETARO,CORREGIDORA,AMPLIACION EL PUEBLITO,FRANCISCO I MADERO 18,Activa,76900,1010507,GUADALAJARA SANTA BARBARA,Farmacias Digrimex,,,,,A,Claudia Elisa Cerda Castillo,20.5400667,-100.4418096,"https://www.google.com/maps/search/?api=1&query=20.5400667,-100.4418096",CORREGIDORA 229005
,,México,QUERETARO,QUERETARO,EL JACAL,HACIENDA VEGIL 101,Activa,76180,1010507,SAMS CLUB,Farmacias Digrimex,,,,,A,Claudia Elisa Cerda Castillo,20.575665,-100.4093704,"https://www.google.com/maps/search/?api=1&query=20.575665,-100.4093704",QUERETARO 220104
,,México,QUERETARO,QUERETARO,CIMATARIO,AVENIDA CONSTITUYENTES PONIENTE 17,Activa,76030,1010507,GUADALAJARA CIMATARIO,Farmacias Digrimex,,,,,A,Claudia Elisa Cerda Castillo,20.5849626,-100.3906242,"https://www.google.com/maps/search/?api=1&query=20.5849626,-100.3906242",QUERETARO 220103
,,México,QUERETARO,QUERETARO,EL CARRIZAL,PRIVADA IGNACIO ZARAGOZA 11,Activa,76030,1010507,DON PEPE HERRERA CARRIZAL,Farmacias Digrimex,,,,,A,Claudia Elisa Cerda Castillo,20.5841403,-100.3993849,"https://www.google.com/maps/search/?api=1&query=20.5841403,-100.3993849",QUERETARO 220103
,,México,QUERETARO,QUERETARO,EL JACAL,AUTOPISTA QUERETARO CELAYA 5501,Activa,76180,1010507,WALMART PLAZA DE TOROS,Farmacias Digrimex,,,,,A,Claudia Elisa Cerda Castillo,20.576006,-100.4072975,"https://www.google.com/maps/search/?api=1&query=20.576006,-100.4072975",QUERETARO 220104
,,México,QUERETARO,CORREGIDORA,EL ROBLE,AVENIDA CHABACANOS 154,Activa,76902,1010507,GUADALAJARA CHABACANOS,Farmacias Digrimex,,,,,A,Claudia Elisa Cerda Castillo,20.5513805,-100.4097816,"https://www.google.com/maps/search/?api=1&query=20.5513805,-100.4097816",CORREGIDORA 229005
,,México,QUERETARO,CORREGIDORA,AMPLIACION EL PUEBLITO,AVENIDA CONSTITUYENTES 1601,Activa,76900,1010507,MEGA SORIANA CITADINA,Farmacias Digrimex,,,,,A,Claudia Elisa Cerda Castillo,20.536599,-100.4342666,"https://www.google.com/maps/search/?api=1&query=20.536599,-100.4342666",CORREGIDORA 229005
,,México,QUERETARO,CORREGIDORA,AMPLIACION EL PUEBLITO,PASEO CONSTITUYENTES 1690,Activa,76900,1010507,AHORRO PASEO CONSTITUYENTES,Farmacias Digrimex,,,,,A,Claudia Elisa Cerda Castillo,20.5475344,-100.4275001,"https://www.google.com/maps/search/?api=1&query=20.5475344,-100.4275001",CORREGIDORA 229005
,,México,QUERETARO,CORREGIDORA,AMPLIACION EL PUEBLITO,AVENIDA PASEO CONSTITUYENTES 1561,Activa,76900,1010507,AHORRO CITADINA,Farmacias Digrimex,,,,,A,Claudia Elisa Cerda Castillo,20.5372581,-100.4345828,"https://www.google.com/maps/search/?api=1&query=20.5372581,-100.4345828",CORREGIDORA 229005
,,México,QUERETARO,QUERETARO,JARDINES DE LA HACIENDA,HACIENDA DEL JACAL 103,Activa,76180,1010507,DEL AHORRO CAMPESTRE,Farmacias Digrimex,,,,,A,Claudia Elisa Cerda Castillo,20.5700648,-100.4084036,"https://www.google.com/maps/search/?api=1&query=20.5700648,-100.4084036",QUERETARO 220104
,,México,QUERETARO,QUERETARO,CARRETAS,BOULEVARD BERNARDO QUINTANA 118,Activa,76050,1010507,GUADALAJARA CARRETAS,Farmacias Digrimex,,,,,A,Claudia Elisa Cerda Castillo,20.5950946,-100.3715461,"https://www.google.com/maps/search/?api=1&query=20.5950946,-100.3715461",
,,México,QUERETARO,QUERETARO,CALETTO,BOULEVARD JURICA LA CAMPANA 917,Activa,76230,1010507,SAN PABLO JURIQUILLA,Farmacias Digrimex,,,,,A,Claudia Elisa Cerda Castillo,20.7090277,-100.4423608,"https://www.google.com/maps/search/?api=1&query=20.7090277,-100.4423608",
,,México,QUERETARO,QUERETARO,COLINAS DEL PARQUE,BOULEVARD BERNARDO QUINTANA 450,Activa,76140,1010507,HEB,Farmacias Digrimex,,,,,A,Claudia Elisa Cerda Castillo,20.6093486,-100.378692,"https://www.google.com/maps/search/?api=1&query=20.6093486,-100.378692",
,,México,QUERETARO,QUERETARO,CARRETAS,AVENIDA CONSTITUYENTES ORIENTE 109,Activa,76050,1010507,AHORRO CARRETAS ORIENTE,Farmacias Digrimex,,,,,A,Claudia Elisa Cerda Castillo,20.5865788,-100.3769849,"https://www.google.com/maps/search/?api=1&query=20.5865788,-100.3769849",
,,México,QUERETARO,CORREGIDORA,CAMINO REAL,AVENIDA CAMINO REAL 460,Activa,76903,1010507,SAN PABLO CANDILES,Farmacias Digrimex,,,,,A,Claudia Elisa Cerda Castillo,20.5468464,-100.3989016,"https://www.google.com/maps/search/?api=1&query=20.5468464,-100.3989016",CORREGIDORA 229005
,,México,QUERETARO,QUERETARO,CENTRO SUR,"BOULEVAD BERNARDO QUINTANA 7070, CENTRO SUR, CENTRO SUR",Activa,76090,1010507,CHEDRAUI CENTRO SUR,Farmacias Digrimex,,,,,A,Claudia Elisa Cerda Castillo,20.5709509,-100.3600613,"https://www.google.com/maps/search/?api=1&query=20.5709509,-100.3600613",QUERETARO 220103
,,México,QUERETARO,QUERETARO,COLINAS DEL CIMATARIO,FRAY LUIS DE LEON 7072,Activa,76090,1010507,WECARE PHARMA,Farmacias Digrimex,,,,,A,Claudia Elisa Cerda Castillo,20.561266,-100.3636689,"https://www.google.com/maps/search/?api=1&query=20.561266,-100.3636689",QUERETARO 220103
,,México,QUERETARO,CORREGIDORA,LAS TROJES,CARRETERA LIBRE CELAYA 7,Activa,76908,1010507,GUADALAJARA LAS TROJES,Farmacias Digrimex,,,,,A,Claudia Elisa Cerda Castillo,20.537346,-100.487009,"https://www.google.com/maps/search/?api=1&query=20.537346,-100.487009",CORREGIDORA 229005
,,México,QUERETARO,QUERETARO,GALINDAS,PROLONGACION PINO SUAREZ 437,Activa,76177,1010507,GUADALAJARA GALINDAS,Farmacias Digrimex,,,,,A,Claudia Elisa Cerda Castillo,20.58367,-100.4155351,"https://www.google.com/maps/search/?api=1&query=20.58367,-100.4155351",QUERETARO 220104
,,México,QUERETARO,JURIQUILLA,JURICA ACUEDUCTO,BOULEVAD UNIVERSITARIO 518,Activa,76230,1010507,AHORRO JURIQUILLA,Farmacias Digrimex,,,,,A,Claudia Elisa Cerda Castillo,20.7099138,-100.4464568,"https://www.google.com/maps/search/?api=1&query=20.7099138,-100.4464568",
,,México,QUERETARO,QUERETARO,JURIQUILLA,BOULEVARD UNIVERSITARIO 540,Activa,76230,1010507,WALMART,Farmacias Digrimex,,,,,A,Claudia Elisa Cerda Castillo,20.7077277,-100.4468555,"https://www.google.com/maps/search/?api=1&query=20.7077277,-100.4468555",
,,México,QUERETARO,SANTA ROSA JAUREGUI,PROVINCIA JURIQUILLA,BOULEVARD UNIVERSITARIO 400,Activa,76230,1010507,LA COMER JURIQUILLA,Farmacias Digrimex,,,,,A,Claudia Elisa Cerda Castillo,20.7124876,-100.4465107,"https://www.google.com/maps/search/?api=1&query=20.7124876,-100.4465107",
,,México,QUERETARO,QUERETARO,SAN ANGEL,AVENIDA TECNOLOGICO 96,Activa,76000,1010508,GUADALAJARA SAN ANGEL,Farmacias Digrimex,,,,,A,Celia Irma Ordoñez Gonzalez,20.5841374,-100.4013377,"https://www.google.com/maps/search/?api=1&query=20.5841374,-100.4013377",QUERETARO 220109
,,México,QUERETARO,QUERETARO,PLAZA DEL PARQUE,EPIGMENIO GONZALEZ 25,Activa,76169,1010508,SORIANA  PLAZA DEL PARQUE,Farmacias Digrimex,,,,,A,Celia Irma Ordoñez Gonzalez,20.6138474,-100.3922668,"https://www.google.com/maps/search/?api=1&query=20.6138474,-100.3922668",QUERETARO 220101
,,México,QUERETARO,QUERETARO,SAN PABLO TECNOLOGICO,BOULEVARD BERNARDO QUINTANA 4113,Activa,76150,1010508,WALMART SAN PABLO,Farmacias Digrimex,,,,,A,Celia Irma Ordoñez Gonzalez,20.6154171,-100.3979359,"https://www.google.com/maps/search/?api=1&query=20.6154171,-100.3979359",QUERETARO 220101
,,México,QUERETARO,QUERETARO,ALAMOS TERCERA SECCION,PROLONGACION CORREGIDORA 326,Activa,76160,1010508,FARMACIA BENAVIDES,Farmacias Digrimex,,,,,A,Celia Irma Ordoñez Gonzalez,20.6113742,-100.387213,"https://www.google.com/maps/search/?api=1&query=20.6113742,-100.387213",QUERETARO 220101
,,México,QUERETARO,QUERETARO,CENTRO,AVENIDA PROLONGACION ZARAGOZA 332,Activa,76000,1010508,SAN PABLO CENTRO,Farmacias Digrimex,,,,,C,Celia Irma Ordoñez Gonzalez,20.5707979,-100.4149895,"https://www.google.com/maps/search/?api=1&query=20.5707979,-100.4149895",QUERETARO 220109
,,México,QUERETARO,QUERETARO,JURICA,AVENIDA 5 DE FEBRERO 9222,Activa,76100,1010508,WALMART EXPRESS JURICA,Farmacias Digrimex,,,,,A,Celia Irma Ordoñez Gonzalez,20.6495526,-100.4329084,"https://www.google.com/maps/search/?api=1&query=20.6495526,-100.4329084",
,,México,QUERETARO,QUERETARO,ALAMOS 3A SECCION,PROLONGACION CORREGIDORA NORTE 320,Activa,76160,1010508,GUADALAJARA ALAMOS,Farmacias Digrimex,,,,,A,Celia Irma Ordoñez Gonzalez,20.6120466,-100.3874556,"https://www.google.com/maps/search/?api=1&query=20.6120466,-100.3874556",QUERETARO 220101
,,México,QUERETARO,QUERETARO,GALINDAS RESIDENCIAL,PROLONGACION PINO SUAREZ 435,Activa,76177,1010508,GUADALAJARA,Farmacias Digrimex,,,,,A,Celia Irma Ordoñez Gonzalez,20.5837682,-100.4153552,"https://www.google.com/maps/search/?api=1&query=20.5837682,-100.4153552",QUERETARO 220104
,,México,QUERETARO,CORREGIDORA,PUERTA REAL,AVENIDA DEL JACAL 935,Activa,76910,1010508,WALMART PUERTA REAL,Farmacias Digrimex,,,,,A,Celia Irma Ordoñez Gonzalez,20.5572973,-100.4367905,"https://www.google.com/maps/search/?api=1&query=20.5572973,-100.4367905",RESTO DEL ESTADO REGION C 229100
,,México,QUERETARO,QUERETARO,PRADOS DE LA CAPILLA,PROLONGACION ZARAGOZA 1002,Activa,76176,1010508,FARMACIA DEL AHORRO,Farmacias Digrimex,,,,,A,Celia Irma Ordoñez Gonzalez,20.5803453,-100.4098218,"https://www.google.com/maps/search/?api=1&query=20.5803453,-100.4098218",QUERETARO 220105
,,México,QUERETARO,QUERETARO,CENTRO,IGNACIO ZARAGOZA PONIENTE 1,Activa,76000,1010508,GUADALAJARA CENTRO,Farmacias Digrimex,,,,,A,Celia Irma Ordoñez Gonzalez,20.5870478,-100.3957036,"https://www.google.com/maps/search/?api=1&query=20.5870478,-100.3957036",QUERETARO 220109
,,México,QUERETARO,CORREGIDORA,PUERTA REAL,AVENIDA TERRANOVA 2,Activa,76910,1010508,FARMACIA BENAVIDES,Farmacias Digrimex,,,,,C,Celia Irma Ordoñez Gonzalez,20.5604228,-100.4319068,"https://www.google.com/maps/search/?api=1&query=20.5604228,-100.4319068",RESTO DEL ESTADO REGION C 229100
,,México,QUERETARO,QUERETARO,CENTRO,CALZADA IGNACIO ZARAGOZA 150,Activa,76000,1010508,COMERCIAL MEXICANA ZARAGOZA,Farmacias Digrimex,,,,,A,Celia Irma Ordoñez Gonzalez,20.5861018,-100.4015572,"https://www.google.com/maps/search/?api=1&query=20.5861018,-100.4015572",QUERETARO 220109
,,México,QUERETARO,QUERETARO,SAN PABLO TECNOLOGICO,BOULEVARD BERNARDO QUINTANA 4032,Activa,76150,1010508,CHEDRAUI,Farmacias Digrimex,,,,,C,Celia Irma Ordoñez Gonzalez,20.6156792,-100.3891175,"https://www.google.com/maps/search/?api=1&query=20.6156792,-100.3891175",QUERETARO 220101
,,México,QUERETARO,QUERETARO,CENTRO,AVENIDA CONSTITUYENTES 46,Activa,76000,1010508,FARMACIA DEL AHORRO,Farmacias Digrimex,,,,,A,Celia Irma Ordoñez Gonzalez,20.5843177,-100.3941631,"https://www.google.com/maps/search/?api=1&query=20.5843177,-100.3941631",QUERETARO 220109
,,México,QUERETARO,QUERETARO,ALAMOS,AVENIDA CIRCUITO JARDIN SUR 17,Activa,76160,1010508,FARMACIA DEL AHORRO,Farmacias Digrimex,,,,,A,Celia Irma Ordoñez Gonzalez,20.6092654,-100.386228,"https://www.google.com/maps/search/?api=1&query=20.6092654,-100.386228",QUERETARO 220101
,,México,QUERETARO,QUERETARO,ALAMOS,PROLONGACION CORREGIDORA NORTE  30B,Activa,76160,1010508,GUADALAJARA,Farmacias Digrimex,,,,,A,Celia Irma Ordoñez Gonzalez,20.6121793,-100.3875434,"https://www.google.com/maps/search/?api=1&query=20.6121793,-100.3875434",QUERETARO 220101
,,México,QUERETARO,SANTIAGO DE QUERETARO,SAN GREGORIO,AVE SAN ROQUE 235,Activa,76150,1010508,FARMACIA GUADALAJARA,Farmacias Digrimex,,,,,A,Celia Irma Ordoñez Gonzalez,20.6039187,-100.4069769,"https://www.google.com/maps/search/?api=1&query=20.6039187,-100.4069769",QUERETARO 220101
,,México,QUERETARO,QUERETARO,FRACCIONAMIENTO PATHE,AVE CIRCUNVALACION 4,Activa,76020,1010508,GUADALAJARA,Farmacias Digrimex,,,,,A,Celia Irma Ordoñez Gonzalez,20.5979148,-100.3809064,"https://www.google.com/maps/search/?api=1&query=20.5979148,-100.3809064",
,,México,QUERETARO,QUERETARO,CENTRO,AVE UNIVERSIDAD 138,Activa,76028,1010508,GUADALAJARA,Farmacias Digrimex,,,,,A,Celia Irma Ordoñez Gonzalez,20.5977328,-100.3989835,"https://www.google.com/maps/search/?api=1&query=20.5977328,-100.3989835",QUERETARO 220101
,,México,QUERETARO,QUERETARO,CENTRO,BENITO JUAREZ NTE 161,Activa,76000,1010508,GUADALUPANA,Farmacias Digrimex,,,,,A,Celia Irma Ordoñez Gonzalez,20.597916,-100.394495,"https://www.google.com/maps/search/?api=1&query=20.597916,-100.394495",QUERETARO 220109
,,México,QUERETARO,EL MARQUES,VISTA HERMOSA,AVE CONSTITUYENTES 104,Activa,76063,1010508,FARMACIA DEL AHORRO,Farmacias Digrimex,,,,,A,Celia Irma Ordoñez Gonzalez,20.5892812,-100.3609611,"https://www.google.com/maps/search/?api=1&query=20.5892812,-100.3609611",
,,México,QUERETARO,SANTIAGO DE QUERETARO,EL ROCIO,AVE TEMPANO 309,Activa,76114,1010508,FARMACIA GI,Farmacias Digrimex,,,,,A,Celia Irma Ordoñez Gonzalez,20.6217542,-100.4413498,"https://www.google.com/maps/search/?api=1&query=20.6217542,-100.4413498",
,,México,QUERETARO,SANTIAGO DE QUERETARO,EL ROCIO,"C.3, EL ROCIO, EL ROCIO",Activa,76114,1010508,REAL FARMACIA,Farmacias Digrimex,,,,,C,Celia Irma Ordoñez Gonzalez,20.6218034,-100.4442834,"https://www.google.com/maps/search/?api=1&query=20.6218034,-100.4442834",
,,México,QUERETARO,SANTIAGO DE QUERETARO,EL ROCIO,AV REVOLUCION 1220,Activa,76114,1010508,FARMACIA GUADALAJARA,Farmacias Digrimex,,,,,A,Celia Irma Ordoñez Gonzalez,20.6230076,-100.4420687,"https://www.google.com/maps/search/?api=1&query=20.6230076,-100.4420687",
,,México,QUERETARO,SANTIAGO DE QUERETARO,EL TINTERO,AVE TEMPANO 417 EL ROCIO,Activa,76114,1010508,FARMACIA GUADALAJARA,Farmacias Digrimex,,,,,A,Celia Irma Ordoñez Gonzalez,20.6224718,-100.4417435,"https://www.google.com/maps/search/?api=1&query=20.6224718,-100.4417435",
,,México,QUERETARO,SANTIAGO DE QUERETARO,DEL SOL,AVE SOL 50165,Activa,76114,1010508,FARMACIA DEL AHORRO,Farmacias Digrimex,,,,,A,Celia Irma Ordoñez Gonzalez,20.6161929,-100.4453213,"https://www.google.com/maps/search/?api=1&query=20.6161929,-100.4453213",
,,México,QUERETARO,SANTIAGO DE QUERETARO,PUERTA DEL SOL,CALLEJAS SOLSTICIO 3 4,Activa,76114,1010508,FARMACIA BENAVIDES,Farmacias Digrimex,,,,,A,Celia Irma Ordoñez Gonzalez,20.6167718,-100.4446034,"https://www.google.com/maps/search/?api=1&query=20.6167718,-100.4446034",
,,México,QUERETARO,QUERETARO,EL SOL,AVE SAN MIGUEL 5001,Activa,76118,1010508,FARMACIA GUADALAJARA,Farmacias Digrimex,,,,,A,Celia Irma Ordoñez Gonzalez,20.6585457,-100.4719824,"https://www.google.com/maps/search/?api=1&query=20.6585457,-100.4719824",
,,México,QUERETARO,SANTIAGO DE QUERETARO,CENTRO,IGNACIO ZARAGOZA,Activa,76000,1010508,FARMACIA GUADALAJARA,Farmacias Digrimex,,,,,A,Celia Irma Ordoñez Gonzalez,20.5876234,-100.3939944,"https://www.google.com/maps/search/?api=1&query=20.5876234,-100.3939944",QUERETARO 220109
,,México,QUERETARO,SANTIAGO DE QUERETARO,CENTRO,TECNOLOGICO 96,Activa,76000,1010508,FARMACIA GUADALAJARA,Farmacias Digrimex,,,,,A,Celia Irma Ordoñez Gonzalez,20.5841374,-100.4013377,"https://www.google.com/maps/search/?api=1&query=20.5841374,-100.4013377",QUERETARO 220109
,,México,QUERETARO,QUERETARO,TECNOLOGICO,EPIGMENIO GONZALEZ 201,Activa,76158,1010508,FARMACIA GUADALAJARA,Farmacias Digrimex,,,,,A,Celia Irma Ordoñez Gonzalez,20.6127297,-100.3979917,"https://www.google.com/maps/search/?api=1&query=20.6127297,-100.3979917",QUERETARO 220101
,,México,QUERETARO,SANTIAGO DE QUERETARO,CENTRO,BENITO JUAREZ NORTE 161,Activa,76000,1010508,FARMACIA FARMALUYA,Farmacias Digrimex,,,,,A,Celia Irma Ordoñez Gonzalez,20.597916,-100.394495,"https://www.google.com/maps/search/?api=1&query=20.597916,-100.394495",QUERETARO 220109
,,México,QUERETARO,SANTIAGO DE QUERETARO,CENTRO,PROLONGACION BERNARDO QUINTANA 116,Activa,76020,1010508,FARMACIA DEL AHORRO,Farmacias Digrimex,,,,,A,Celia Irma Ordoñez Gonzalez,20.5953753,-100.3716441,"https://www.google.com/maps/search/?api=1&query=20.5953753,-100.3716441",
,,México,QUERETARO,SANTIAGO DE QUERETARO,CENTRO,CORREGIDORA 77,Activa,76000,1010508,FARMACIA DEL AHORRO,Farmacias Digrimex,,,,,A,Celia Irma Ordoñez Gonzalez,20.5957123,-100.3927578,"https://www.google.com/maps/search/?api=1&query=20.5957123,-100.3927578",QUERETARO 220109
,,México,QUERETARO,SANTIAGO DE QUERETARO,CENTRO,BENITO JUAREZ 113,Activa,76000,1010508,FARMACIA GUADALUPANA,Farmacias Digrimex,,,,,A,Celia Irma Ordoñez Gonzalez,20.6155737,-100.4144636,"https://www.google.com/maps/search/?api=1&query=20.6155737,-100.4144636",QUERETARO 220109
,,México,QUERETARO,QUERETARO,CENTRO,AVE UNIVERSIDAD 104,Activa,76000,1010508,FARMACIA GUADALAJARA,Farmacias Digrimex,,,,,A,Celia Irma Ordoñez Gonzalez,20.5993822,-100.3876691,"https://www.google.com/maps/search/?api=1&query=20.5993822,-100.3876691",QUERETARO 220109
,,México,QUERETARO,SANTIAGO DE QUERETARO,CENTRO,BENITO JUAREZ NORTE  92,Activa,76000,1010508,FARMACIA GUADALAJARA,Farmacias Digrimex,,,,,A,Celia Irma Ordoñez Gonzalez,20.5975642,-100.3941631,"https://www.google.com/maps/search/?api=1&query=20.5975642,-100.3941631",QUERETARO 220109
,,México,QUERETARO,QUERETARO,PATHE,CALZADA PATHE 4,Activa,76020,1010508,FARMACIA GUADALAJARA,Farmacias Digrimex,,,,,A,Celia Irma Ordoñez Gonzalez,20.5992726,-100.3756665,"https://www.google.com/maps/search/?api=1&query=20.5992726,-100.3756665",
,,México,QUERETARO,SANTIAGO DE QUERETARO,PLAZA DEL PARQUE,AVE DEL PARQUE 1078,Activa,76087,1010508,FARMACIA GUADALAJARA,Farmacias Digrimex,,,,,A,Celia Irma Ordoñez Gonzalez,20.5604849,-100.3725155,"https://www.google.com/maps/search/?api=1&query=20.5604849,-100.3725155",QUERETARO 220103
,,México,QUERETARO,SANTIAGO DE QUERETARO,CENTRO,FRANCISCO I MADERO 32,Activa,76000,1010508,FARMACIA GUADALAJARA,Farmacias Digrimex,,,,,A,Celia Irma Ordoñez Gonzalez,20.5924335,-100.3934391,"https://www.google.com/maps/search/?api=1&query=20.5924335,-100.3934391",QUERETARO 220109
,,México,QUERETARO,QUERETARO,JOSEFA ORTIZ DE DOMINGUEZ,AVE DE LA LUZ  143,Activa,76110,1010508,FARMACIA GUADALAJARA,Farmacias Digrimex,,,,,A,Celia Irma Ordoñez Gonzalez,20.6386491,-100.4463074,"https://www.google.com/maps/search/?api=1&query=20.6386491,-100.4463074",
,,México,QUERETARO,SANTIAGO DE QUERETARO,FRACCIONAIENTO ZEN,PROLONGACION CONSTITUYENTES 42,Activa,76240,1010508,FARMACIA GUADALAJARA,Farmacias Digrimex,,,,,A,Celia Irma Ordoñez Gonzalez,20.591139,-100.3289517,"https://www.google.com/maps/search/?api=1&query=20.591139,-100.3289517",RESTO DEL ESTADO REGION C 229100
,,México,QUERETARO,SANTIAGO DE QUERETARO,CERRITO COLORADO,AVE DE LA LUZ 1218,Activa,76116,1010508,FARMACIA GUADALAJARA,Farmacias Digrimex,,,,,A,Celia Irma Ordoñez Gonzalez,20.6324368,-100.4669561,"https://www.google.com/maps/search/?api=1&query=20.6324368,-100.4669561",
,,México,QUERETARO,SANTIAGO DE QUERETARO,VISTA HABITACIONAL,PROLONGACION CORREGIDORA  SUR 240,Activa,76070,1010508,FARMACIA GUADALAJARA,Farmacias Digrimex,,,,,A,Celia Irma Ordoñez Gonzalez,20.575227,-100.3842301,"https://www.google.com/maps/search/?api=1&query=20.575227,-100.3842301",QUERETARO 220103
,,México,QUERETARO,SANTIAGO DE QUERETARO,MISION DE CARRILLO,BLVD PENA FLOR 571,Activa,76049,1010508,FARMACIA GUADALAJARA,Farmacias Digrimex,,,,,A,Celia Irma Ordoñez Gonzalez,20.6450816,-100.4638084,"https://www.google.com/maps/search/?api=1&query=20.6450816,-100.4638084",
,,México,QUERETARO,SANTIAGO DE QUERETARO,NINOS HEROES,AVE 5 DE FEBRERO 106,Activa,76010,1010508,FARMACIA DEL AHORRO,Farmacias Digrimex,,,,,A,Celia Irma Ordoñez Gonzalez,20.5827759,-100.4075036,"https://www.google.com/maps/search/?api=1&query=20.5827759,-100.4075036",QUERETARO 220101
,,México,QUERETARO,SANTIAGO DE QUERETARO,EL JACAL,PROLONGACION ZARAGOZA 201,Activa,76180,1010508,FARMACIA GUADALAJARA,Farmacias Digrimex,,,,,A,Celia Irma Ordoñez Gonzalez,20.5702344,-100.4148828,"https://www.google.com/maps/search/?api=1&query=20.5702344,-100.4148828",QUERETARO 220104
,,México,QUERETARO,SANTIAGO DE QUERETARO,EL ROBLE,AVE CHABACANO 152,Activa,76902,1010508,FARMACIA GUADALAJARA,Farmacias Digrimex,,,,,A,Celia Irma Ordoñez Gonzalez,20.5517289,-100.4097255,"https://www.google.com/maps/search/?api=1&query=20.5517289,-100.4097255",CORREGIDORA 229005
,,México,QUERETARO,EL MARQUES,FRACCIONAMIENTO EL MIRADOR,MIRADOR DE QUERETARO 2,Activa,76246,1010508,FARMACIA BENAVIDES,Farmacias Digrimex,,,,,A,Celia Irma Ordoñez Gonzalez,20.5965835,-100.3356024,"https://www.google.com/maps/search/?api=1&query=20.5965835,-100.3356024",RESTO DEL ESTADO REGION C 229100
,,México,QUERETARO,SANTIAGO DE QUERETARO,NINOS HEROES,IGNACIO ZARAGOZA 332,Activa,76010,1010508,FARMACIA SAN PABLO,Farmacias Digrimex,,,,,A,Celia Irma Ordoñez Gonzalez,20.5843625,-100.4050881,"https://www.google.com/maps/search/?api=1&query=20.5843625,-100.4050881",QUERETARO 220101
,,México,QUERETARO,SANTIAGO DE QUERETARO,GALINDAS,PROLONGACION PINO SUAREZ 437,Activa,76177,1010508,FARMACIA GUADALAJARA,Farmacias Digrimex,,,,,A,Celia Irma Ordoñez Gonzalez,20.58367,-100.4155351,"https://www.google.com/maps/search/?api=1&query=20.58367,-100.4155351",QUERETARO 220104
,,México,QUERETARO,SANTIAGO DE QUERETARO,LOMAS DE SAN PEDRITO PENUELAS,AVE PIE DE LA CUESTA 2422,Activa,76148,1010508,FARMACIA DEL AHORRO,Farmacias Digrimex,,,,,A,Celia Irma Ordoñez Gonzalez,20.6522886,-100.4035739,"https://www.google.com/maps/search/?api=1&query=20.6522886,-100.4035739",
,,México,QUERETARO,SANTIAGO DE QUERETARO,JARDINES DE VILLAS DE SANTIAGO,SANTIAGO DE LA CRUZ 246,Activa,76146,1010508,FARMACIA GUADALAJARA,Farmacias Digrimex,,,,,A,Celia Irma Ordoñez Gonzalez,20.6471495,-100.3942962,"https://www.google.com/maps/search/?api=1&query=20.6471495,-100.3942962",
,,México,QUERETARO,SANTIAGO DE QUERETARO,LOMAS DE SAN PEDRITO PENUELAS,AVE PIE DE LA CUESTA 2401,Activa,76148,1010508,FARMACIA GUADALAJARA,Farmacias Digrimex,,,,,A,Celia Irma Ordoñez Gonzalez,20.6514951,-100.4041262,"https://www.google.com/maps/search/?api=1&query=20.6514951,-100.4041262",
,,México,QUERETARO,SANTIAGO DE QUERETARO,LOMAS DE SAN PABLO,AVE PIE DE LA CUESTA  509,Activa,76148,1010508,FARMACIA BENAVIDES,Farmacias Digrimex,,,,,A,Celia Irma Ordoñez Gonzalez,20.6218936,-100.4055428,"https://www.google.com/maps/search/?api=1&query=20.6218936,-100.4055428",
,,México,QUERETARO,SANTIAGO DE QUERETARO,VISTA 2000,AVE PENUELAS 61 A,Activa,76140,1010508,FARMACIA GUADALAJARA,Farmacias Digrimex,,,,,A,Celia Irma Ordoñez Gonzalez,20.6236591,-100.4003723,"https://www.google.com/maps/search/?api=1&query=20.6236591,-100.4003723",
,,México,QUERETARO,SANTIAGO DE QUERETARO,SAN GREGORIO,EJIDO 5,Activa,76156,1010508,FARMACIA GUADALAJARA,Farmacias Digrimex,,,,,A,Celia Irma Ordoñez Gonzalez,20.6034805,-100.4068426,"https://www.google.com/maps/search/?api=1&query=20.6034805,-100.4068426",QUERETARO 220101
,,México,QUERETARO,QUERETARO,TERRANOVA,BOULEVARD HACIENDA EL JACAL 2,Activa,76910,1010508,FARMACIA DEL AHORRO,Farmacias Digrimex,,,,,A,Celia Irma Ordoñez Gonzalez,20.5605347,-100.4307663,"https://www.google.com/maps/search/?api=1&query=20.5605347,-100.4307663",RESTO DEL ESTADO REGION C 229100
,,México,QUERETARO,SANTIAGO DE QUERETARO,TLACOTE,CIRCUITO SAN IGNACIO  129,Activa,76179,1010508,FARMACIA DEL AHORRO,Farmacias Digrimex,,,,,A,Celia Irma Ordoñez Gonzalez,20.586762,-100.414004,"https://www.google.com/maps/search/?api=1&query=20.586762,-100.414004",QUERETARO 220104
,,México,QUERETARO,SANTIAGO DE QUERETARO,PUERTA DEL SOL 2,AVE FELIPE CARRILLO PUERTO 68,Activa,76138,1010508,FARMACIA GUADALAJARA,Farmacias Digrimex,,,,,A,Celia Irma Ordoñez Gonzalez,20.6166093,-100.4358457,"https://www.google.com/maps/search/?api=1&query=20.6166093,-100.4358457",
,,México,QUERETARO,SANTIAGO DE QUERETARO,REFORMA AGRARIA,BOULEVARD DE LAS AMERICAS 12,Activa,76086,1010508,FARMACIA GUADALAJARA,Farmacias Digrimex,,,,,A,Celia Irma Ordoñez Gonzalez,20.5489283,-100.3922463,"https://www.google.com/maps/search/?api=1&query=20.5489283,-100.3922463",QUERETARO 220104
,,México,QUERETARO,SANTIAGO DE QUERETARO,EL REFUGIO,CAMPO REAL,Activa,76146,1010508,FARMACIA GUADALAJARA,Farmacias Digrimex,,,,,A,Celia Irma Ordoñez Gonzalez,20.6522837,-100.349531,"https://www.google.com/maps/search/?api=1&query=20.6522837,-100.349531",
,,México,QUERETARO,SANTIAGO DE QUERETARO,PROLONGACION CONSTITUYENTES,PROLONGACION CONSTITUYENTES ORIENTE,Activa,76246,1010508,FARMACIA BENAVIDES,Farmacias Digrimex,,,,,A,Celia Irma Ordoñez Gonzalez,20.5954418,-100.3177547,"https://www.google.com/maps/search/?api=1&query=20.5954418,-100.3177547",RESTO DEL ESTADO REGION C 229100
,,México,QUERETARO,EL REFUGIO,LA PRADERA,ANILLO VIAL FRAY JUNIPERO SERRA 9850,Activa,76269,1010508,FARMACIA GUADALAJARA,Farmacias Digrimex,,,,,A,Celia Irma Ordoñez Gonzalez,20.6530147,-100.3429046,"https://www.google.com/maps/search/?api=1&query=20.6530147,-100.3429046",RESTO DEL ESTADO REGION C 229100
,,México,QUERETARO,SANTIAGO DE  QUERETARO,FELIPE CARRILLO PUERTO,AVE SAN DIEGO 3,Activa,76138,1010508,FARMACIA GUADALAJARA,Farmacias Digrimex,,,,,A,Celia Irma Ordoñez Gonzalez,20.6024454,-100.4263005,"https://www.google.com/maps/search/?api=1&query=20.6024454,-100.4263005",
,,México,QUERETARO,SANTIAGO DE QUERETARO,DEL ARCO,AVE REVOLUCION 814,Activa,76138,1010508,FARMACIA DEL AHORRO,Farmacias Digrimex,,,,,A,Celia Irma Ordoñez Gonzalez,20.6127866,-100.435749,"https://www.google.com/maps/search/?api=1&query=20.6127866,-100.435749",
,,México,QUERETARO,SANTIAGO DE QUERETARO,EL SOL,AVE DEL SOL 11,Activa,76114,1010508,FARMACIA BENAVIDES,Farmacias Digrimex,,,,,A,Celia Irma Ordoñez Gonzalez,20.6152154,-100.4406973,"https://www.google.com/maps/search/?api=1&query=20.6152154,-100.4406973",
,,México,QUERETARO,SANTIAGO DE QUERETARO,GEOPLAZAS,PROLONGACION BERNARDO QUINTANA 104 FLAMBOYANES,Activa,76113,1010508,FARMACIA GUADALAJARA,Farmacias Digrimex,,,,,A,Celia Irma Ordoñez Gonzalez,20.6154791,-100.4424411,"https://www.google.com/maps/search/?api=1&query=20.6154791,-100.4424411",
,,México,QUERETARO,SANTIAGO DE QRO,FRACCIONAMINETO PARQUE SANTIAGO 1600,AVENIDA BEGONIAS 1572,Activa,76115,1010508,FARMACIA GUADALAJARA,Farmacias Digrimex,,,,,A,Celia Irma Ordoñez Gonzalez,20.62843,-100.4525978,"https://www.google.com/maps/search/?api=1&query=20.62843,-100.4525978",
,,México,QUERETARO,SANTIAGO DE QUERETARO,COSMOS,AVE DE LAS FUENTES 440,Activa,76110,1010508,FARMACIA DEL AHORRO,Farmacias Digrimex,,,,,A,Celia Irma Ordoñez Gonzalez,20.6373959,-100.4517568,"https://www.google.com/maps/search/?api=1&query=20.6373959,-100.4517568",
,,México,QUERETARO,QUERETARO,LOS MOLINOS,EJIDO 235,Activa,76150,1010508,GUADALAJARA,Farmacias Digrimex,,,,,A,Celia Irma Ordoñez Gonzalez,20.602225,-100.4065797,"https://www.google.com/maps/search/?api=1&query=20.602225,-100.4065797",QUERETARO 220101
,,México,QUERETARO,SANTIAGO DE QUERETARO,CENTRO,AVE CORREGIDORA 6222,Activa,76000,1010508,FARMACIA DEL AHORRO,Farmacias Digrimex,,,,,A,Celia Irma Ordoñez Gonzalez,20.5993169,-100.3938704,"https://www.google.com/maps/search/?api=1&query=20.5993169,-100.3938704",QUERETARO 220109
,,México,QUERETARO,SANTIAGO DE QUERETARO,CENTRO,BENITO JUAREZ NORTE,Activa,76000,1010508,FARMACIA DEL AHORRO,Farmacias Digrimex,,,,,A,Celia Irma Ordoñez Gonzalez,20.5949105,-100.3932499,"https://www.google.com/maps/search/?api=1&query=20.5949105,-100.3932499",QUERETARO 220109
,,México,GUANAJUATO,SAN MIGUEL DE ALLENDE,CENTRO,CALLE ANCHA SAN ANTONIO 10,Activa,37700,1010508,FARMACIA GUADALAJARA,Farmacias Digrimex,,,,,A,Celia Irma Ordoñez Gonzalez,20.9099889,-100.7466103,"https://www.google.com/maps/search/?api=1&query=20.9099889,-100.7466103",SAN MIGUEL DE ALLENDE 123500
,,México,GUANAJUATO,SAN MIGUELDE ALLENDE,CENTRO,CALLE ANCHA DE SAN ANTONIO 4,Activa,37700,1010508,FARMACIA DEL AHORRO,Farmacias Digrimex,,,,,A,Celia Irma Ordoñez Gonzalez,20.910288,-100.7465046,"https://www.google.com/maps/search/?api=1&query=20.910288,-100.7465046",SAN MIGUEL DE ALLENDE 123500
,,México,GUANAJUATO,SAN MIGUEL DE ALLENDE,LA LEJONA,CARRETERA SAN MIGUEL DE ALLENDE CELAYA 7,Activa,37700,1010508,GUADALAJARA,Farmacias Digrimex,,,,,A,Celia Irma Ordoñez Gonzalez,20.8979283,-100.753653,"https://www.google.com/maps/search/?api=1&query=20.8979283,-100.753653",SAN MIGUEL DE ALLENDE 123500
,,México,GUANAJUATO,SAN MIGUEL DE ALLENDE,CENTRO,CANAL 19,Activa,37700,1010508,FARMACIA DEL AHORRO,Farmacias Digrimex,,,,,A,Celia Irma Ordoñez Gonzalez,20.9147372,-100.7449296,"https://www.google.com/maps/search/?api=1&query=20.9147372,-100.7449296",SAN MIGUEL DE ALLENDE 123500
,,México,GUANAJUATO,SAN MIGUEL DE ALLENDE,LA LEJONA,CALLE VICENTE ARAIZA 7,Activa,37765,1010508,FARMACIA DE LA MEGA COMERCIAL MEXICANA,Farmacias Digrimex,,,,,A,Celia Irma Ordoñez Gonzalez,20.8971387,-100.7519887,"https://www.google.com/maps/search/?api=1&query=20.8971387,-100.7519887",SAN MIGUEL DE ALLENDE 123500
,,México,GUANAJUATO,SAN MIGUEL DE ALLENDE,CENTRO,AVE INSURGENTES 42,Activa,37700,1010508,FARMACIA DEL AHORRO,Farmacias Digrimex,,,,,A,Celia Irma Ordoñez Gonzalez,20.9163645,-100.742821,"https://www.google.com/maps/search/?api=1&query=20.9163645,-100.742821",SAN MIGUEL DE ALLENDE 123500
,,México,GUANAJUATO,SAN MIGUELDE ALLENDE,ARCOS DE SAN MIGUEL,CALLE REAL SALIDA A QUERETARO,Activa,37775,1010508,FARMACIA GUADALAJARA,Farmacias Digrimex,,,,,A,Celia Irma Ordoñez Gonzalez,20.9057684,-100.7258012,"https://www.google.com/maps/search/?api=1&query=20.9057684,-100.7258012",SAN MIGUEL DE ALLENDE 123500
,,México,GUANAJUATO,SAN MIGUEL DE ALLENDE,CENTRO,CALZADA ESTACION,Activa,37736,1010508,FARMACIA GUADALAJARA,Farmacias Digrimex,,,,,A,Celia Irma Ordoñez Gonzalez,20.9151522,-100.7593743,"https://www.google.com/maps/search/?api=1&query=20.9151522,-100.7593743",SAN MIGUEL DE ALLENDE 123500
,,México,QUERETARO,QUERETARO,REAL DEL MARQUES,REAL DEL MARQUES 701,Activa,76118,1010508,GUADALAJARA,Farmacias Digrimex,,,,,A,Celia Irma Ordoñez Gonzalez,20.6509668,-100.4719187,"https://www.google.com/maps/search/?api=1&query=20.6509668,-100.4719187",
,,México,QUERETARO,QUERETARO,CD DEL SOL,BLVD PENA FLOR 5,Activa,76116,1010508,GUADALAJARA,Farmacias Digrimex,,,,,A,Celia Irma Ordoñez Gonzalez,20.6434813,-100.4873997,"https://www.google.com/maps/search/?api=1&query=20.6434813,-100.4873997",
,,México,QUERETARO,QUERETARO,PENA FLOR,BOULEVARD PENA FLOR,Activa,76116,1010508,FARMACIA DEL AHORRO,Farmacias Digrimex,,,,,A,Celia Irma Ordoñez Gonzalez,20.646737,-100.4766025,"https://www.google.com/maps/search/?api=1&query=20.646737,-100.4766025",
,,México,QUERETARO,QUERETARO,EL ROMERILLAL,BOULEVARD PENA FLOR 571,Activa,76116,1010508,GUADALAJARA,Farmacias Digrimex,,,,,A,Celia Irma Ordoñez Gonzalez,20.6450816,-100.4638084,"https://www.google.com/maps/search/?api=1&query=20.6450816,-100.4638084",
,,México,QUERETARO,QUERETARO,GEOPLAZAS,ZACAPOAXTLAS 1992,Activa,76116,1010508,FARMACIA BODEGA,Farmacias Digrimex,,,,,A,Celia Irma Ordoñez Gonzalez,20.6272508,-100.4576115,"https://www.google.com/maps/search/?api=1&query=20.6272508,-100.4576115",
,,México,QUERETARO,QUERETARO,GEOPAZAS,BEGONIAS 2219,Activa,76116,1010508,GUADALAJARA,Farmacias Digrimex,,,,,A,Celia Irma Ordoñez Gonzalez,20.6241446,-100.4599912,"https://www.google.com/maps/search/?api=1&query=20.6241446,-100.4599912",
,,México,QUERETARO,EL PUEBLITO,PUERTA REAL,PROLONGACION EL JACAL 108,Activa,76910,1010508,FARMACIA GUADALAJARA,Farmacias Digrimex,,,,,A,Celia Irma Ordoñez Gonzalez,20.5573127,-100.4366699,"https://www.google.com/maps/search/?api=1&query=20.5573127,-100.4366699",RESTO DEL ESTADO REGION C 229100
,,México,QUERETARO,SANTIAGO DE QUERETARO,EL JACAL,BLVD HACIENDA DEL JACAL 708,Activa,76180,1010508,FARMACIA BENAVIDES,Farmacias Digrimex,,,,,A,Celia Irma Ordoñez Gonzalez,20.5680351,-100.41321,"https://www.google.com/maps/search/?api=1&query=20.5680351,-100.41321",QUERETARO 220104
,,México,QUERETARO,SANTIAGO DE QUERETARO,EL JACAL,PROLONGACION ZARAGOZA 203,Activa,76180,1010508,FARMACIA GUADALAJARA,Farmacias Digrimex,,,,,A,Celia Irma Ordoñez Gonzalez,20.5698349,-100.4147704,"https://www.google.com/maps/search/?api=1&query=20.5698349,-100.4147704",QUERETARO 220104
,,México,QUERETARO,CORREGIDORA,JARDINES DE LA HACIENDA,LAS TORRES,Activa,76180,1010508,FARMACIA DEL AHORRO,Farmacias Digrimex,,,,,A,Celia Irma Ordoñez Gonzalez,20.561609,-100.3853394,"https://www.google.com/maps/search/?api=1&query=20.561609,-100.3853394",QUERETARO 220104
,,México,QUERETARO,SANTIAGO DE QUERETARO,JARDINES DEL HACIENDA,HACIENDA EL JACAL 103,Activa,76180,1010508,FARMACIA DEL AHORRO,Farmacias Digrimex,,,,,A,Celia Irma Ordoñez Gonzalez,20.5648558,-100.4193915,"https://www.google.com/maps/search/?api=1&query=20.5648558,-100.4193915",QUERETARO 220104
,,México,QUERETARO,QUERETARO,EMILIANO ZAPATA,PROLONGACION EL JACAL 1072,Activa,76910,1010508,FARMACIA SAN CAMILO,Farmacias Digrimex,,,,,A,Celia Irma Ordoñez Gonzalez,20.5568181,-100.4387934,"https://www.google.com/maps/search/?api=1&query=20.5568181,-100.4387934",RESTO DEL ESTADO REGION C 229100
,,México,QUERETARO,QUERETARO,GALINDAS,JOSE MARIA PINO SUAREZ 435,Activa,76177,1010508,FARMACIA. GUADALAJARA,Farmacias Digrimex,,,,,A,Celia Irma Ordoñez Gonzalez,20.5837395,-100.4153707,"https://www.google.com/maps/search/?api=1&query=20.5837395,-100.4153707",QUERETARO 220104
,,México,QUERETARO,QUERETARO,GALINDAS,PINO SUAREZ  437,Activa,76177,1010508,GUADALAJARA,Farmacias Digrimex,,,,,A,Celia Irma Ordoñez Gonzalez,20.58367,-100.4155351,"https://www.google.com/maps/search/?api=1&query=20.58367,-100.4155351",QUERETARO 220104
,,México,QUERETARO,QUERETARO,EL JACAL,AVE PROLONGACION ZARAGOZA 205,Activa,76180,1010508,FARMACIA GUADALAJARA,Farmacias Digrimex,,,,,A,Celia Irma Ordoñez Gonzalez,20.5696617,-100.4147872,"https://www.google.com/maps/search/?api=1&query=20.5696617,-100.4147872",QUERETARO 220104
,,México,QUERETARO,SANTIAGO DE QUERETARO,CENTRO,AVE TECNOLOGICO 30,Activa,76000,1010508,FARMACIA BENAVIDES,Farmacias Digrimex,,,,,A,Celia Irma Ordoñez Gonzalez,20.5902815,-100.4046835,"https://www.google.com/maps/search/?api=1&query=20.5902815,-100.4046835",QUERETARO 220109
,,México,QUERETARO,EL MARQUES,EL MIRADOR,PRIVADA MIRADOR DE QUERETARO 123,Activa,76246,1010508,HEB  EL MIRADOR,Farmacias Digrimex,,,,,A,Celia Irma Ordoñez Gonzalez,20.5933698,-100.3357396,"https://www.google.com/maps/search/?api=1&query=20.5933698,-100.3357396",RESTO DEL ESTADO REGION C 229100
,,México,QUERETARO,QUERETARO,MILENIO III,CALLE PUERTA DE ALCALA,Activa,76060,1010508,FARMACIA GUADALAJARA,Farmacias Digrimex,,,,,A,Celia Irma Ordoñez Gonzalez,20.5958259,-100.3591147,"https://www.google.com/maps/search/?api=1&query=20.5958259,-100.3591147",
,,México,QUERETARO,QUERETARO,TERRAZAS DE SAN PABLO,PIE DE LA CUESTA 509,Activa,76125,1010508,FARMACIA BENAVIDES,Farmacias Digrimex,,,,,A,Celia Irma Ordoñez Gonzalez,20.6218936,-100.4055428,"https://www.google.com/maps/search/?api=1&query=20.6218936,-100.4055428",
,,México,QUERETARO,QUERETARO,COLINAS DE SAN PABLO,BOULEVARD DE LA NACION 13011,Activa,76148,1010508,GUADALAJARA,Farmacias Digrimex,,,,,A,Celia Irma Ordoñez Gonzalez,20.6424527,-100.415388,"https://www.google.com/maps/search/?api=1&query=20.6424527,-100.415388",
,,México,QUERETARO,QUERETARO,MISION DE BUCARELLI SUR,BOULEVARD DE LA NACION 1198,Activa,76125,1010508,COMERCIAL MEGA,Farmacias Digrimex,,,,,A,Celia Irma Ordoñez Gonzalez,20.6444464,-100.4277734,"https://www.google.com/maps/search/?api=1&query=20.6444464,-100.4277734",
,,México,QUERETARO,SAN JUAN  DEL RIO,CENTRO,CALLE 2 DE ABRIL,Activa,76800,1010508,FARMACIA DEL AHORRO,Farmacias Digrimex,,,,,A,Celia Irma Ordoñez Gonzalez,20.3838208,-99.9961204,"https://www.google.com/maps/search/?api=1&query=20.3838208,-99.9961204",SAN JUAN DEL RIO 220500
,,México,QUERETARO,SAN JUAN DEL RIO,CENTRO,CALLE 20 DE NOVIEMBRE 90,Activa,76800,1010508,GUADALAJARAu,Farmacias Digrimex,,,,,A,Celia Irma Ordoñez Gonzalez,20.3931662,-99.9952818,"https://www.google.com/maps/search/?api=1&query=20.3931662,-99.9952818",SAN JUAN DEL RIO 220500
,,México,QUERETARO,SAN JUAN DEL RIO,SAN JUAN,AGUILAS 316,Activa,76806,1010508,GUADALAJARA,Farmacias Digrimex,,,,,A,Celia Irma Ordoñez Gonzalez,20.3751754,-99.9540391,"https://www.google.com/maps/search/?api=1&query=20.3751754,-99.95403909999999",SAN JUAN DEL RIO 220500
,,México,QUERETARO,SAN JUAN DEL RIO,CENTRO,BLVD HIDALGO 59,Activa,76800,1010508,GUADALAJARA,Farmacias Digrimex,,,,,A,Celia Irma Ordoñez Gonzalez,20.3785503,-99.9882039,"https://www.google.com/maps/search/?api=1&query=20.3785503,-99.9882039",SAN JUAN DEL RIO 220500
,,México,QUERETARO,SAN JUAN DEL RIO,SAN CAYETANO,RIO MOCTEZUMA 118,Activa,76806,1010508,GUADALAJARA,Farmacias Digrimex,,,,,A,Celia Irma Ordoñez Gonzalez,20.3874654,-99.9782847,"https://www.google.com/maps/search/?api=1&query=20.3874654,-99.97828469999999",SAN JUAN DEL RIO 220500
,,México,QUERETARO,SAN JUAN DEL RIO,CENTRO,CONSTITUYENTES 18,Activa,76800,1010508,GUADALAJARA,Farmacias Digrimex,,,,,A,Celia Irma Ordoñez Gonzalez,20.3967248,-99.9873669,"https://www.google.com/maps/search/?api=1&query=20.3967248,-99.9873669",SAN JUAN DEL RIO 220500
,,México,QUERETARO,SAN JUAN DEL RIO,GRANJAS BENTHI,AVE DE LOS PATOS COMEVI BANTHI,Activa,76808,1010508,GUADALAJARA,Farmacias Digrimex,,,,,A,Celia Irma Ordoñez Gonzalez,20.3848585,-99.9572193,"https://www.google.com/maps/search/?api=1&query=20.3848585,-99.9572193",
,,México,QUERETARO,SAN JUAN DEL RIO,TOMASITA,SECCION 8,Activa,76806,1010508,GUADALAJARA,Farmacias Digrimex,,,,,A,Celia Irma Ordoñez Gonzalez,20.3900085,-99.968689,"https://www.google.com/maps/search/?api=1&query=20.3900085,-99.968689",SAN JUAN DEL RIO 220500
,,México,QUERETARO,SAN JUAN DEL RIO,RESIDENCIAL DEL VALLE,AVE GHANDI 60,Activa,76834,1010508,GUADALAJARA,Farmacias Digrimex,,,,,A,Celia Irma Ordoñez Gonzalez,20.3948877,-99.96487890000002,"https://www.google.com/maps/search/?api=1&query=20.3948877,-99.96487890000002",
,,México,QUERETARO,SAN JUAN DEL RIO,CENTRO,INDEPENDENCIA 59,Activa,768000,1010508,GUADALAJARA,Farmacias Digrimex,,,,,A,Celia Irma Ordoñez Gonzalez,20.3889322,-99.9968542,"https://www.google.com/maps/search/?api=1&query=20.3889322,-99.9968542",
,,México,QUERETARO,SAN JUAN DEL RIO,CENTRO,20 DE NOVIEMBRE,Activa,76800,1010508,GUADALAJARA,Farmacias Digrimex,,,,,A,Celia Irma Ordoñez Gonzalez,20.3928999,-99.9961764,"https://www.google.com/maps/search/?api=1&query=20.3928999,-99.9961764",SAN JUAN DEL RIO 220500
,,México,QUERETARO,SAN JUAN DEL RIO,CENTRO,2 DE ABRIL,Activa,76800,1010508,GUADALAJARA,Farmacias Digrimex,,,,,A,Celia Irma Ordoñez Gonzalez,20.3838208,-99.9961204,"https://www.google.com/maps/search/?api=1&query=20.3838208,-99.9961204",SAN JUAN DEL RIO 220500
,,México,QUERETARO,SAN JUAN DEL RIO,CENTRO,MIGUEL HIDALGO,Activa,76800,1010508,FARMACIA SAN JUAN,Farmacias Digrimex,,,,,A,Celia Irma Ordoñez Gonzalez,20.3865622,-99.9972001,"https://www.google.com/maps/search/?api=1&query=20.3865622,-99.9972001",SAN JUAN DEL RIO 220500
,,México,QUERETARO,SAN JUAN DEL RIO,GRANJAS BANTHI,JOFRE 24,Activa,76805,1010508,GUADALAJARA,Farmacias Digrimex,,,,,A,Celia Irma Ordoñez Gonzalez,20.3869901,-99.9464605,"https://www.google.com/maps/search/?api=1&query=20.3869901,-99.9464605",SAN JUAN DEL RIO 220500
,,México,QUERETARO,SANTIAGO DE QUERETARO,LA PRADERA,CARRETERA ESTATAL KM 40,Activa,76269,1010508,FARMACIA BENAVIDES,Farmacias Digrimex,,,,,A,Celia Irma Ordoñez Gonzalez,20.5896026,-100.4268407,"https://www.google.com/maps/search/?api=1&query=20.5896026,-100.4268407",RESTO DEL ESTADO REGION C 229100
,,México,QUERETARO,SANTIAGO DE QUERETARO,EL REFUGIO,ANILLO VIAL FRAY JUNIPERO SERRA 10200,Activa,76146,1010508,FARMACIA SAN PABLO,Farmacias Digrimex,,,,,A,Celia Irma Ordoñez Gonzalez,20.6521869,-100.3441374,"https://www.google.com/maps/search/?api=1&query=20.6521869,-100.3441374",
,,México,QUERETARO,SANTIAGO DE QUERETARO,EL REFUGIO,ANILLO VIAL FRAY JUNIPERO SERRA 10100,Activa,76146,1010508,FARMACIA DEL AHORRO,Farmacias Digrimex,,,,,A,Celia Irma Ordoñez Gonzalez,20.652675,-100.3443402,"https://www.google.com/maps/search/?api=1&query=20.652675,-100.3443402",
,,México,QUERETARO,SANTIAGO DE QRO,SAN PABLO,PROLONGACION TECNOLOGICO 998,Activa,76125,1010508,FARMACIA DEL AJORRO,Farmacias Digrimex,,,,,A,Celia Irma Ordoñez Gonzalez,20.6150511,-100.4104462,"https://www.google.com/maps/search/?api=1&query=20.6150511,-100.4104462",
,,México,QUERETARO,SANTIAGO DE QUERETARO,LOS ROBLES,BLVD DE LA NACION 120,Activa,76148,1010508,FARMACIA GUADALAJARA,Farmacias Digrimex,,,,,A,Celia Irma Ordoñez Gonzalez,20.6415085,-100.4064942,"https://www.google.com/maps/search/?api=1&query=20.6415085,-100.4064942",
,,México,QUERETARO,SANTIAGO DE QRO,EL TINTERO,AVE REVOLUCION 441,Activa,76113,1010508,FARMACIA GUADALAJARA,Farmacias Digrimex,,,,,A,Celia Irma Ordoñez Gonzalez,20.6084254,-100.4346952,"https://www.google.com/maps/search/?api=1&query=20.6084254,-100.4346952",
,,México,QUERETARO,SANTIAGO DE QRO,EL TINTERO,AVE REVOLUCION,Activa,76134,1010508,FARMACIA GUADALAJARA,Farmacias Digrimex,,,,,A,Celia Irma Ordoñez Gonzalez,20.6075293,-100.4336626,"https://www.google.com/maps/search/?api=1&query=20.6075293,-100.4336626",
,,México,QUERETARO,SANTIAGO DE QUERETARO,DEL SOL,AVE DEL SOL 104,Activa,76113,1010508,FARMACIA GUADALAJARA,Farmacias Digrimex,,,,,A,Celia Irma Ordoñez Gonzalez,20.6154854,-100.4424853,"https://www.google.com/maps/search/?api=1&query=20.6154854,-100.4424853",
,,México,QUERETARO,QUERETARO,EL ROCIO,PROLONGACION BERNARDO QUINTANA 17 EL SOL,Activa,76114,1010508,FARMACIA GUADALAJARA,Farmacias Digrimex,,,,,A,Celia Irma Ordoñez Gonzalez,20.6152079,-100.4408687,"https://www.google.com/maps/search/?api=1&query=20.6152079,-100.4408687",
,,México,QUERETARO,CORREGIDORA,EL JACAL,AUTOPISTA DE CUOTA CELAYA 5501,Activa,76910,1010508,FARMACIA WALMART,Farmacias Digrimex,,,,,A,Celia Irma Ordoñez Gonzalez,20.5597521,-100.4274559,"https://www.google.com/maps/search/?api=1&query=20.5597521,-100.4274559",RESTO DEL ESTADO REGION C 229100
,,México,QUERETARO,CORREGIDORA,TEJEDA,CARRETERA CELAYA 2,Activa,76900,1010508,FARMACIA WALMART,Farmacias Digrimex,,,,,A,Celia Irma Ordoñez Gonzalez,20.5490859,-100.4238974,"https://www.google.com/maps/search/?api=1&query=20.5490859,-100.4238974",CORREGIDORA 229005
,,México,QUERETARO,SANTIAGO DE QUERETARO,LOMA DORADA,CLZDA DE LOS ARCOS 37,Activa,76060,1010508,FARMACIAS DEL AHORRO,Farmacias Digrimex,,,,,A,Celia Irma Ordoñez Gonzalez,20.5991457,-100.3692312,"https://www.google.com/maps/search/?api=1&query=20.5991457,-100.3692312",
,,México,QUERETARO,SANTIAGO DE QUERETARO,CENTRO,PROLONGACION BERNARDO QUINTANA 116,Activa,76020,1010508,FARMACIA DEL AHORRO,Farmacias Digrimex,,,,,A,Celia Irma Ordoñez Gonzalez,20.5953753,-100.3716441,"https://www.google.com/maps/search/?api=1&query=20.5953753,-100.3716441",
,,México,QUERETARO,SAN JUAN DEL RIO,CENTRO,BOULEVARD HIDALGO 59,Activa,76800,1010508,GUADALAJARA,Farmacias Digrimex,,,,,A,Celia Irma Ordoñez Gonzalez,20.3785503,-99.9882039,"https://www.google.com/maps/search/?api=1&query=20.3785503,-99.9882039",SAN JUAN DEL RIO 220500
,,México,QUERETARO,QUERETARO,JURICA,CALLE PASEO DEL MESON,Activa,76100,1010508,FARMACIA GUADALAJARA,Farmacias Digrimex,,,,,A,Celia Irma Ordoñez Gonzalez,20.6764587,-100.4524087,"https://www.google.com/maps/search/?api=1&query=20.6764587,-100.4524087",
,,México,QUERETARO,QUERETARO,LA CAMPANA,DEL MESON 4,Activa,76100,1010508,FARMACIA GUADALAJARA,Farmacias Digrimex,,,,,A,Celia Irma Ordoñez Gonzalez,20.6766969,-100.4523336,"https://www.google.com/maps/search/?api=1&query=20.6766969,-100.4523336",
,,México,QUERETARO,QRO,HIDALGO,CAMINO A SAN PEDRO MARTIR 104,Activa,76114,1010508,FARMACIA GUADALAJARA,Farmacias Digrimex,,,,,A,Celia Irma Ordoñez Gonzalez,20.622255,-100.4477988,"https://www.google.com/maps/search/?api=1&query=20.622255,-100.4477988",
,,México,QUERETARO,QRO,JURICA,"LIRIOS 40, JURICA, JURICA",Activa,76100,1010508,FARMACIA GUADALAJARA,Farmacias Digrimex,,,,,C,Celia Irma Ordoñez Gonzalez,20.6752546,-100.4579814,"https://www.google.com/maps/search/?api=1&query=20.6752546,-100.4579814",
,,México,QUERETARO,SANTIAGO,JARDINES DE VILLA,"AVE BELEN 246, JARDINES DE VILLA, JARDINES DE VILLA",Activa,76140,1010508,FARMACIA GUADALAJARA,Farmacias Digrimex,,,,,C,Celia Irma Ordoñez Gonzalez,20.647156,-100.3942948,"https://www.google.com/maps/search/?api=1&query=20.647156,-100.3942948",
,,México,QUERETARO,QUERETARO,ENSUENO,PROLONGACION IGNACIO ZARAGOZA 90,Activa,76118,1010508,FARMACIA DELAHORRO,Farmacias Digrimex,,,,,A,Celia Irma Ordoñez Gonzalez,20.5797982,-100.4152937,"https://www.google.com/maps/search/?api=1&query=20.5797982,-100.4152937",
,,México,QUERETARO,QUERETARO,EMILIANO ZAPATA,CAMINO REAL 149,Activa,76910,1010508,FARMACIA GUADALAJARA,Farmacias Digrimex,,,,,A,Celia Irma Ordoñez Gonzalez,20.5527916,-100.3970774,"https://www.google.com/maps/search/?api=1&query=20.5527916,-100.3970774",RESTO DEL ESTADO REGION C 229100
,,México,QUERETARO,QUERETARO,LA PRADERA,FRAY JUNIPERO SERRA 6000,Activa,76269,1010508,FARMACIA BENAVIDES,Farmacias Digrimex,,,,,A,Celia Irma Ordoñez Gonzalez,20.6547526,-100.3431743,"https://www.google.com/maps/search/?api=1&query=20.6547526,-100.3431743",RESTO DEL ESTADO REGION C 229100
,,México,QUERETARO,QUERETARO,LA PRADERA,AVENIDA BARDA 6,Activa,76269,1010508,FARMACIA DEL AHORRO,Farmacias Digrimex,,,,,A,Celia Irma Ordoñez Gonzalez,20.6540077,-100.3415101,"https://www.google.com/maps/search/?api=1&query=20.6540077,-100.3415101",RESTO DEL ESTADO REGION C 229100
,,México,QUERETARO,QUERETARO,LA PRADERA,FRAY JUNIPERO SERRA 6000,Activa,76269,1010508,FARMACIA GUADALAJARA,Farmacias Digrimex,,,,,A,Celia Irma Ordoñez Gonzalez,20.6547526,-100.3431743,"https://www.google.com/maps/search/?api=1&query=20.6547526,-100.3431743",RESTO DEL ESTADO REGION C 229100
,,México,QUERETARO,QUERETARO,EXHACIENDA EL POZO,FRAY JUNIPERO SERRA 900,Activa,76269,1010508,FARMACIA HEB,Farmacias Digrimex,,,,,A,Celia Irma Ordoñez Gonzalez,20.6553304,-100.3438072,"https://www.google.com/maps/search/?api=1&query=20.6553304,-100.3438072",RESTO DEL ESTADO REGION C 229100
,,México,QUERETARO,QUERETARO,ZIBATA,PITAYAS 32 PLAZA ZIELO,Activa,76269,1010508,FARMACIA GUADALAJARA,Farmacias Digrimex,,,,,A,Celia Irma Ordoñez Gonzalez,20.6748819,-100.3226117,"https://www.google.com/maps/search/?api=1&query=20.6748819,-100.3226117",RESTO DEL ESTADO REGION C 229100
,,México,QUERETARO,QUERETARO,FRACCIONAMIENTO VISTA 2000,PROLONGACION TECNOLOGICO NORTE,Activa,76159,1010508,FARMACIA DEL AHORRO,Farmacias Digrimex,,,,,A,Celia Irma Ordoñez Gonzalez,20.5987812,-100.4111117,"https://www.google.com/maps/search/?api=1&query=20.5987812,-100.4111117",
,,México,QUERETARO,QUERETARO,PRIVADA QUINTAS LA LABORCILLA,EPIGMENIO GONZALEZ,Activa,76169,1010508,FARMACIA DEL AHORRO,Farmacias Digrimex,,,,,A,Celia Irma Ordoñez Gonzalez,20.6134673,-100.3915785,"https://www.google.com/maps/search/?api=1&query=20.6134673,-100.3915785",QUERETARO 220101
,,México,QUERETARO,QUERETARO,TECNOLOGICO,EPIGMENIO GONZALEZ 211,Activa,76158,1010508,FARMACIA GUADALAJARA,Farmacias Digrimex,,,,,A,Celia Irma Ordoñez Gonzalez,20.6127481,-100.3980528,"https://www.google.com/maps/search/?api=1&query=20.6127481,-100.3980528",QUERETARO 220101
,,México,QUERETARO,QUERETARO,DESARROLLO SAN PABLO,AVENIDA PIE DE LA CUESTA 817,Activa,76130,1010508,FARMACIA GUADALAJARA,Farmacias Digrimex,,,,,A,Celia Irma Ordoñez Gonzalez,20.6241554,-100.4062309,"https://www.google.com/maps/search/?api=1&query=20.6241554,-100.4062309",
,,México,QUERETARO,QUERETARO,ARBOLEDAS,PROLONGACION BERNARDO QUINTANA 532,Activa,76140,1010508,FARMACIA GUADALAJARA,Farmacias Digrimex,,,,,A,Celia Irma Ordoñez Gonzalez,20.6137416,-100.3848853,"https://www.google.com/maps/search/?api=1&query=20.6137416,-100.3848853",
,,México,QUERETARO,QUERETARO,ALAMOS TERCERA  SECCION,BOULEVARD BERNARDO QUINTANA 4099,Activa,76160,1010508,FARMACIA SAN PABLO,Farmacias Digrimex,,,,,A,Celia Irma Ordoñez Gonzalez,20.6150036,-100.387998,"https://www.google.com/maps/search/?api=1&query=20.6150036,-100.387998",QUERETARO 220101
,,México,QUERETARO,SAN JUAN DEL RIO,CENTRO,CALLEJAS 20 DE NOVIEMBRE 115,Activa,76800,1010508,FARMACIA DEL AHORRO,Farmacias Digrimex,,,,,A,Celia Irma Ordoñez Gonzalez,20.3930709,-99.9949231,"https://www.google.com/maps/search/?api=1&query=20.3930709,-99.9949231",SAN JUAN DEL RIO 220500
,,México,QUERETARO,SAN JUAN DEL RIO,CENTRO,CALLEJAS 20 DE NOVIEMBRE,Activa,76800,1010508,FARMACIA GUADALAJARA,Farmacias Digrimex,,,,,A,Celia Irma Ordoñez Gonzalez,20.3928999,-99.9961764,"https://www.google.com/maps/search/?api=1&query=20.3928999,-99.9961764",SAN JUAN DEL RIO 220500
,,México,QUERETARO,SAN JUAN DEL RIO,CENTRO,PLAZA INDEPENDENCIA  1,Activa,76800,1010508,FARMACIA GUADALAJARA,Farmacias Digrimex,,,,,A,Celia Irma Ordoñez Gonzalez,20.389594,-99.9963802,"https://www.google.com/maps/search/?api=1&query=20.389594,-99.99638019999999",SAN JUAN DEL RIO 220500
,,México,QUERETARO,SAN JUAN DEL RIO,PRADERAS DEL SOL,AVE UNIVERSIDAD 285,Activa,76833,1010508,FARMACIA DEL AHORRO,Farmacias Digrimex,,,,,A,Celia Irma Ordoñez Gonzalez,20.3914614,-99.9690383,"https://www.google.com/maps/search/?api=1&query=20.3914614,-99.9690383",SAN JUAN DEL RIO 220500
,,México,QUERETARO,SAN JUAN DEL RIO,TOMASITA,AVE UNIVERSIDAD 188,Activa,76800,1010508,FARMACIA GUADALAJARA,Farmacias Digrimex,,,,,A,Celia Irma Ordoñez Gonzalez,20.3902782,-99.9688846,"https://www.google.com/maps/search/?api=1&query=20.3902782,-99.9688846",SAN JUAN DEL RIO 220500
,,México,QUERETARO,SAN JUAN DEL RIO,SAN CAYETANO,AVENIDA RIO MOCTEZUMA 1180,Activa,76806,1010508,FARMACIA DEL AHORRO,Farmacias Digrimex,,,,,A,Celia Irma Ordoñez Gonzalez,20.3874805,-99.9756169,"https://www.google.com/maps/search/?api=1&query=20.3874805,-99.9756169",SAN JUAN DEL RIO 220500
,,México,QUERETARO,QUERETARO,ALAMOS TERCERA SECCION,BLVD BERNARDO QUINTANA,Activa,76160,1010508,FARMACIA SAN PABLO,Farmacias Digrimex,,,,,A,Celia Irma Ordoñez Gonzalez,20.6115351,-100.3830366,"https://www.google.com/maps/search/?api=1&query=20.6115351,-100.3830366",QUERETARO 220101
,,México,QUERETARO,QUERETARO,ALAMOS TERCERA SECCION,AVE CORREGIDORA  206 LA BORCILLA,Activa,76169,1010508,FARMACIA DEL AHORRO,Farmacias Digrimex,,,,,A,Celia Irma Ordoñez Gonzalez,20.6097925,-100.3866365,"https://www.google.com/maps/search/?api=1&query=20.6097925,-100.3866365",QUERETARO 220101
,,México,QUERETARO,QUERETARO,QUINTAS LA BORCILLA,AVE CORREGIDORA 1210 ARBOLEDAS,Activa,76140,1010508,FARMACIA GUADALAJARA,Farmacias Digrimex,,,,,A,Celia Irma Ordoñez Gonzalez,20.6227321,-100.389841,"https://www.google.com/maps/search/?api=1&query=20.6227321,-100.389841",
,,México,GUANAJUATO,SAN MIGUEL DE ALLENDE,CENTRO,CALZADA DE LA ESTACION 155,Activa,37736,1010508,FARMACIA GUADALAJARA,Farmacias Digrimex,,,,,A,Celia Irma Ordoñez Gonzalez,20.9153319,-100.7589589,"https://www.google.com/maps/search/?api=1&query=20.9153319,-100.7589589",SAN MIGUEL DE ALLENDE 123500
,,México,GUANAJUATO,SAN MIGUEL ALLENDE,CENTRO,CALLEJAS CONDE DEL CANAL 6,Activa,37700,1010508,FARMACIA DEL AHORRO,Farmacias Digrimex,,,,,A,Celia Irma Ordoñez Gonzalez,20.9200714,-100.7575072,"https://www.google.com/maps/search/?api=1&query=20.9200714,-100.7575072",SAN MIGUEL DE ALLENDE 123500
,,México,QUERETARO,QUERETARO,EL REFUGIO,CALLE JUNIPERO SERRA 9500,Activa,76146,1010508,FARMACIA BENAVIDES,Farmacias Digrimex,,,,,A,Celia Irma Ordoñez Gonzalez,20.6474503,-100.3442197,"https://www.google.com/maps/search/?api=1&query=20.6474503,-100.3442197",
,,México,QUERETARO,QUERETARO,EL REFUGIO,"CALLE VENTA EL REFUGIO 338, EL REFUGIO, EL REFUGIO",Activa,76146,1010508,FARMACIA GUADALAJARA,Farmacias Digrimex,,,,,A,Celia Irma Ordoñez Gonzalez,20.6437209,-100.3466174,"https://www.google.com/maps/search/?api=1&query=20.6437209,-100.3466174",
,,México,QUERETARO,QUERETARO,EL REFUGIO,CALLE CAMPO REAL,Activa,76146,1010508,LA COMER,Farmacias Digrimex,,,,,A,Celia Irma Ordoñez Gonzalez,20.6522837,-100.349531,"https://www.google.com/maps/search/?api=1&query=20.6522837,-100.349531",
,,México,QUERETARO,QUERETARO,EL REFUGIO,"MATANCILLAS 1529, EL REFUGIO, EL REFUGIO",Activa,76146,1010508,FARMACIA DEL AHORRO,Farmacias Digrimex,,,,,A,Celia Irma Ordoñez Gonzalez,20.6526076,-100.3443471,"https://www.google.com/maps/search/?api=1&query=20.6526076,-100.3443471",
,,México,QUERETARO,QUERETARO,SATELITE,AVENIDA DE LAS FUENTES 440 SATELITE,Activa,76110,1010508,FARMACIA DEL AHORRO,Farmacias Digrimex,,,,,A,Celia Irma Ordoñez Gonzalez,20.6373959,-100.4517568,"https://www.google.com/maps/search/?api=1&query=20.6373959,-100.4517568",
,,México,QUERETARO,QUERETARO,SATELITE,"AVENIDA DE LAS FUENTES 1511, SATELITE, SATELITE",Activa,76115,1010508,FARMACIA GUADALAJARA,Farmacias Digrimex,,,,,A,Celia Irma Ordoñez Gonzalez,20.6357942,-100.4516043,"https://www.google.com/maps/search/?api=1&query=20.6357942,-100.4516043",
,,México,QUERETARO,QUERETARO,JOSEFA ORTIZ DE DOMINGUEZ,"AVENIDA DE LA CASCADA 90, JOSEFA ORTIZ DE DOMINGUEZ, JOSEFA ORTIZ DE DOMINGUEZ",Activa,76110,1010508,FARMACIA GUADALAJARA,Farmacias Digrimex,,,,,A,Celia Irma Ordoñez Gonzalez,20.6460356,-100.4578383,"https://www.google.com/maps/search/?api=1&query=20.6460356,-100.4578383",
,,México,QUERETARO,QUERETARO,JACAL,HACIENDA EL JACAL 1210,Activa,76180,1010508,GUADALAJARA,Farmacias Digrimex,,,,,A,Celia Irma Ordoñez Gonzalez,20.5636103,-100.4217282,"https://www.google.com/maps/search/?api=1&query=20.5636103,-100.4217282",QUERETARO 220104
,,México,QUERETARO,QUERETARO,TERRANOVA,BOULEVARD HACIENDA EL JACAL TERRANOVA,Activa,76910,1010508,FARMACIA BENAVIDES,Farmacias Digrimex,,,,,A,Celia Irma Ordoñez Gonzalez,20.5601781,-100.4307665,"https://www.google.com/maps/search/?api=1&query=20.5601781,-100.4307665",RESTO DEL ESTADO REGION C 229100
,,México,QUERETARO,QUERETARO,COSMOS SATELITE,"AVE DE LA LUZ 333, COSMOS SATELITE, COSMOS SATELITE",Activa,76110,1010508,FARMACIA SAN PABLO,Farmacias Digrimex,,,,,C,Celia Irma Ordoñez Gonzalez,20.6371204,-100.4508978,"https://www.google.com/maps/search/?api=1&query=20.6371204,-100.4508978",
,,México,QUERETARO,QUERETARO,LAS GEMAS,"PARQUE DEL ALAMO 50, LAS GEMAS, LAS GEMAS",Activa,76160,1010508,COMECIAL MEXICANA,Farmacias Digrimex,,,,,C,Celia Irma Ordoñez Gonzalez,20.6086747,-100.3886947,"https://www.google.com/maps/search/?api=1&query=20.6086747,-100.3886947",QUERETARO 220101
